{
  "Open": {
    "min": 0.0547743,
    "max": 70.482
  },
  "High": {
    "min": 0.0553753,
    "max": 71.1699
  },
  "Low": {
    "min": 0.0541729,
    "max": 70.0927
  },
  "Close": {
    "min": 0.0541729,
    "max": 71.0911
  },
  "Volume": {
    "min": 2844446.0,
    "max": 8807805415.0
  },
  "SMA_14": {
    "min": 0.055996107142857146,
    "max": 68.30823571428571
  },
  "EMA_14": {
    "min": 0.056270303740854746,
    "max": 68.5116894564837
  },
  "RSI_14": {
    "min": 6.586357722508282,
    "max": 95.95689377185745
  },
  "MACD": {
    "min": -2.590499716694154,
    "max": 2.1763986083493876
  },
  "MACD_signal": {
    "min": -2.2597789933363313,
    "max": 2.086060051763852
  },
  "MACD_hist": {
    "min": -0.6680285632698217,
    "max": 0.6973168416369748
  }
}