{
  "Open": {
    "min": 0.071,
    "max": 101.905
  },
  "High": {
    "min": 0.076,
    "max": 102.525
  },
  "Low": {
    "min": 0.069,
    "max": 100.65
  },
  "Close": {
    "min": 0.0745,
    "max": 101.976
  },
  "Volume": {
    "min": 0.0,
    "max": 2086575040.0
  },
  "SMA_14": {
    "min": 0.07617857142857143,
    "max": 99.60782142857144
  },
  "EMA_14": {
    "min": 0.07627969342420127,
    "max": 98.96893153236734
  },
  "RSI_14": {
    "min": 10.48378666848349,
    "max": 97.3243772739552
  },
  "MACD": {
    "min": -4.129885190021696,
    "max": 3.124530544858416
  },
  "MACD_signal": {
    "min": -3.3816187637327175,
    "max": 2.7335744748107498
  },
  "MACD_hist": {
    "min": -1.4212538736960632,
    "max": 1.3804505109308653
  }
}