{
  "Open": {
    "min": 1.18993,
    "max": 127.678
  },
  "High": {
    "min": 1.19671,
    "max": 127.835
  },
  "Low": {
    "min": 1.17549,
    "max": 126.529
  },
  "Close": {
    "min": 1.18993,
    "max": 127.217
  },
  "Volume": {
    "min": 0.0,
    "max": 291205983.85651
  },
  "SMA_14": {
    "min": 1.2401735714285713,
    "max": 125.67628571428573
  },
  "EMA_14": {
    "min": 1.2561349673512854,
    "max": 125.38166268776577
  },
  "RSI_14": {
    "min": 2.811921059983959,
    "max": 93.40205610541916
  },
  "MACD": {
    "min": -3.329097400255378,
    "max": 3.1635557951469764
  },
  "MACD_signal": {
    "min": -2.7488200067810764,
    "max": 2.9600730390054997
  },
  "MACD_hist": {
    "min": -1.0583815958370408,
    "max": 1.2370820887887861
  }
}