{
  "Open": {
    "min": 18.08,
    "max": 215.715
  },
  "High": {
    "min": 18.27,
    "max": 218.62
  },
  "Low": {
    "min": 17.55,
    "max": 214.27
  },
  "Close": {
    "min": 17.73,
    "max": 217.5
  },
  "Volume": {
    "min": 5913000.0,
    "max": 365775725.0
  },
  "SMA_14": {
    "min": 18.946428571428573,
    "max": 208.2842857142857
  },
  "EMA_14": {
    "min": 19.163951951765018,
    "max": 208.52556638616258
  },
  "RSI_14": {
    "min": 10.225729407033398,
    "max": 94.38620000516613
  },
  "MACD": {
    "min": -6.937985601229286,
    "max": 7.368089526872865
  },
  "MACD_signal": {
    "min": -5.87820947257447,
    "max": 6.254026670674749
  },
  "MACD_hist": {
    "min": -5.021051415983569,
    "max": 2.567419881403981
  }
}