{
  "Open": {
    "min": 0.0615709,
    "max": 152.528
  },
  "High": {
    "min": 0.069028,
    "max": 152.625
  },
  "Low": {
    "min": 0.0615709,
    "max": 151.338
  },
  "Close": {
    "min": 0.0615709,
    "max": 152.048
  },
  "Volume": {
    "min": 0.0,
    "max": 1143777605.0712
  },
  "SMA_14": {
    "min": 0.06583209999999999,
    "max": 149.2717142857143
  },
  "EMA_14": {
    "min": 0.06627919281969265,
    "max": 149.28708714075015
  },
  "RSI_14": {
    "min": 4.939109847614532,
    "max": 98.03689390808881
  },
  "MACD": {
    "min": -2.5177471735209664,
    "max": 3.316881605205893
  },
  "MACD_signal": {
    "min": -2.2390199955227503,
    "max": 2.837787913408078
  },
  "MACD_hist": {
    "min": -1.2614257929047228,
    "max": 0.8429281159761839
  }
}