{
  "Open": {
    "min": 0.0320983,
    "max": 7.1675
  },
  "High": {
    "min": 0.0325554,
    "max": 7.25306
  },
  "Low": {
    "min": 0.0304884,
    "max": 7.07535
  },
  "Close": {
    "min": 0.0311834,
    "max": 7.1685
  },
  "Volume": {
    "min": 0.0,
    "max": 10102773455.0
  },
  "SMA_14": {
    "min": 0.032737807142857143,
    "max": 6.8256692857142856
  },
  "EMA_14": {
    "min": 0.0327961763715671,
    "max": 6.857983166739101
  },
  "RSI_14": {
    "min": 5.338554029742156,
    "max": 96.41258258848183
  },
  "MACD": {
    "min": -0.5531030229315768,
    "max": 0.2609207327390868
  },
  "MACD_signal": {
    "min": -0.48591296024314096,
    "max": 0.23322294141123107
  },
  "MACD_hist": {
    "min": -0.14327111809911275,
    "max": 0.10051856171183762
  }
}