{
  "Open": {
    "min": 16.9071,
    "max": 207.552
  },
  "High": {
    "min": 17.4082,
    "max": 207.562
  },
  "Low": {
    "min": 16.7474,
    "max": 206.091
  },
  "Close": {
    "min": 17.0068,
    "max": 206.828
  },
  "Volume": {
    "min": 6147496.0,
    "max": 712522806.0
  },
  "SMA_14": {
    "min": 17.76635,
    "max": 203.27264285714287
  },
  "EMA_14": {
    "min": 17.801829600651303,
    "max": 203.39860777326703
  },
  "RSI_14": {
    "min": 9.61307313506309,
    "max": 93.29676827333543
  },
  "MACD": {
    "min": -4.773111003465303,
    "max": 4.105280438461236
  },
  "MACD_signal": {
    "min": -3.9332158926106056,
    "max": 3.748243198106878
  },
  "MACD_hist": {
    "min": -2.544396853754942,
    "max": 1.6007774203838157
  }
}