{
  "Open": {
    "min": 52.4245,
    "max": 299.221
  },
  "High": {
    "min": 54.0074,
    "max": 299.275
  },
  "Low": {
    "min": 51.7707,
    "max": 297.87
  },
  "Close": {
    "min": 52.5498,
    "max": 298.482
  },
  "Volume": {
    "min": 19791566.0,
    "max": 1129618724.0
  },
  "SMA_14": {
    "min": 56.04190714285715,
    "max": 295.0661428571429
  },
  "EMA_14": {
    "min": 56.404700493898076,
    "max": 295.075045493143
  },
  "RSI_14": {
    "min": 7.040608388165552,
    "max": 91.5887594457713
  },
  "MACD": {
    "min": -6.826168938629735,
    "max": 4.324690309867208
  },
  "MACD_signal": {
    "min": -5.520938076144563,
    "max": 3.9335272550446634
  },
  "MACD_hist": {
    "min": -2.7181322772711125,
    "max": 1.9669274337166402
  }
}