{
  "Open": {
    "min": 1.18667,
    "max": 29.0
  },
  "High": {
    "min": 1.19333,
    "max": 29.0207
  },
  "Low": {
    "min": 0.535333,
    "max": 28.4233
  },
  "Close": {
    "min": 1.17333,
    "max": 28.7293
  },
  "Volume": {
    "min": 1779210.0,
    "max": 557248410.0
  },
  "SMA_14": {
    "min": 1.2617142857142858,
    "max": 26.53742857142857
  },
  "EMA_14": {
    "min": 1.2503076087984857,
    "max": 26.689254684167768
  },
  "RSI_14": {
    "min": 10.340056451158603,
    "max": 92.7327226901032
  },
  "MACD": {
    "min": -1.2567638849709457,
    "max": 1.7463059749862602
  },
  "MACD_signal": {
    "min": -1.1410295903058238,
    "max": 1.5121679018657295
  },
  "MACD_hist": {
    "min": -0.6153387639478771,
    "max": 0.607133782147858
  }
}