{
  "Open": {
    "min": 77.8091,
    "max": 275.283
  },
  "High": {
    "min": 80.6935,
    "max": 275.283
  },
  "Low": {
    "min": 77.1009,
    "max": 274.016
  },
  "Close": {
    "min": 78.7467,
    "max": 274.497
  },
  "Volume": {
    "min": 17471.205303963,
    "max": 14587957.788008
  },
  "SMA_14": {
    "min": 80.52032857142856,
    "max": 271.40107142857147
  },
  "EMA_14": {
    "min": 80.52105242808315,
    "max": 271.41802688258826
  },
  "RSI_14": {
    "min": 7.335770499944587,
    "max": 91.20302408089293
  },
  "MACD": {
    "min": -6.330914928388637,
    "max": 3.971111208170811
  },
  "MACD_signal": {
    "min": -5.011171266144749,
    "max": 3.607877535488139
  },
  "MACD_hist": {
    "min": -2.483587241730541,
    "max": 1.81601979048805
  }
}